CÓDIGO EUROPEO,LEI,NOMBRE,DIRECCIÓN,TIPO DE SEGURO,ENTIDAD MATRIZ                                                                                                                                                                                                                                                                                                                                                                                                                                                                                                                                                                                                                                                                                                                                                                                                                                                                                                                                                                      
PT505992779,,"A 'BENÉFICA E PREVIDENTE' - ASSOCIAÇÃO MUTUALISTA","Rua dos Bragas 68, 4050-, PORTO",vida,                                                                                                                                                                                                                                                                                                                                                                                                                                                                                                                                                                                                                                                                                                                                                                                                                                                                                                                                
PT500835195,984500AB5BNADQ53E942,"A LUTUOSA DE PORTUGAL ASSOCIACAO MUTUALISTA","Avenida Aliados 168, 4000-, PORTO",vida,                                                                                                                                                                                                                                                                                                                                                                                                                                                                                                                                                                                                                                                                                                                                                                                                                                                                                                                
PT501091637,,"A MUTUALIDADE DE SANTA MARIA-ASSOCIACAO MUTUALISTA","AV 29 DE MARÇO 652, 3885-, ESMORIZ",compuestos,                                                                                                                                                                                                                                                                                                                                                                                                                                                                                                                                                                                                                                                                                                                                                                                                                                                                                                                      
PT500987416,89450038EFGMN6ZU5Z13,"A PREVIDÊNCIA PORTUGUESA - ASSOCIAÇÃO MUTUALISTA","RUA DA SOFIA Nº 193, 3000-, COIMBRA",vida,                                                                                                                                                                                                                                                                                                                                                                                                                                                                                                                                                                                                                                                                                                                                                                                                                                                                                                         
PT501506276,894500I02IILXXF0J965,"ACP MOBILIDADE - SOCIEDADE DE SEGUROS DE ASSISTENCIA, S.A.","Rua Rosa Araújo, nº 24, 1250-, LISBOA",no-vida,                                                                                                                                                                                                                                                                                                                                                                                                                                                                                                                                                                                                                                                                                                                                                                                                                                                                                          
PT513251936,9598001GSAW026UNLE02,"AEGON SANTANDER PORTUGAL NAO VIDA - COMPANHIA DE SEGUROS, S.A.","Rua da Mesquita, 6, 1070-, LISBOA",no-vida,                                                                                                                                                                                                                                                                                                                                                                                                                                                                                                                                                                                                                                                                                                                                                                                                                                                                                          
PT513251944,959800S4Y2DCN7EVAG59,"AEGON SANTANDER PORTUGAL VIDA - COMPANHIA DE SEGUROS DE VIDA, S.A.","Rua da Mesquita, 6, 1070-, LISBOA",vida,                                                                                                                                                                                                                                                                                                                                                                                                                                                                                                                                                                                                                                                                                                                                                                                                                                                                                         
PT502220473,213800RG14PKT8BC8K42,"AGEAS PORTUGAL - COMPANHIA DE SEGUROS DE VIDA, S.A.","Avenida do Mediterrâneo, nº 1, 1990-, LISBOA",vida,                                                                                                                                                                                                                                                                                                                                                                                                                                                                                                                                                                                                                                                                                                                                                                                                                                                                                             
PT503454109,213800IX154FZ7DD1T36,"AGEAS PORTUGAL - COMPANHIA DE SEGUROS, S.A.","Rua Gonçalo Sampaio, 39, 4150-, PORTO",no-vida,                                                                                                                                                                                                                                                                                                                                                                                                                                                                                                                                                                                                                                                                                                                                                                                                                                                                                                         
PT980609089,,"AIG EUROPE S.A. - SUCURSAL EM PORTUGAL                                                 ","Avenida Duque de Ávila, nº 46, 4º andar, 1050-, Lisboa",no-vida,LURCSB0218806                                                                                                                                                                                                                                                                                                                                                                                                                                                                                                                                                                                                                                                                                                                                                                                                                                                   
PT980256283,,"ARAG SE - SUCURSAL EM PORTUGAL","Rua Julieta Ferrão, 10 - 13º A, 1600-, LISBOA",no-vida,DEA3J2C                                                                                                                                                                                                                                                                                                                                                                                                                                                                                                                                                                                                                                                                                                                                                                                                                                                                                                                           
PT980602513,,"ASISA, ASISTENCIA SANITARIA INTERPROVINCIAL DE SEGUROS, S.A.U - SUCURSAL EM PORTUGAL     ","Avenida Duque de Ávila, nº 185-A, 1050-, Lisboa",no-vida,ESA08169294                                                                                                                                                                                                                                                                                                                                                                                                                                                                                                                                                                                                                                                                                                                                                                                                                                                          
PT980606268,,"ASISA, VIDA SEGUROS, S.A.U., SUCURSAL EM PORTUGAL                                                                          ","Avenida Duque de Ávila, nº 185-A, 1050-, Lisboa",compuestos,ESA87425070                                                                                                                                                                                                                                                                                                                                                                                                                                                                                                                                                                                                                                                                                                                                                                                                                     
PT502032871,,"ASSOCIAÇÃO DE DESENVOLVIMENTO RURAL, MÚTUA DE SEGUROS E MULTI-SERVIÇOS - MÚTUA DE BASTO/NORTE","RUA ANTUNES BASTO, Nº344 - REFOJOS DE BASTO, 4860-, CABECEIRAS DE BASTO",vida,                                                                                                                                                                                                                                                                                                                                                                                                                                                                                                                                                                                                                                                                                                                                                                                                                                            
PT501102671,,"ASSOCIAÇÃO DE SOCORROS MUTUOS ALIANÇA MUTUALISTA","R DA CRUZ DOS POIAIS 33-1, 1200-, LISBOA",vida,                                                                                                                                                                                                                                                                                                                                                                                                                                                                                                                                                                                                                                                                                                                                                                                                                                                                                                                        
PT501393382,,"ASSOCIAÇÃO DE SOCORROS MUTUOS DOS ARTISTAS DE BRAGANÇA","PRAÇA CAMÕES, 5300-, BRAGANCA",vida,                                                                                                                                                                                                                                                                                                                                                                                                                                                                                                                                                                                                                                                                                                                                                                                                                                                                                                                             
PT503567442,,"ASSOCIAÇÃO DE SOCORROS MÚTUOS DOS ARTISTAS E OPERÁRIOS DE GOUVEIA","R DA REPUBLICA 123-1, 6290-, Gouveia",vida,                                                                                                                                                                                                                                                                                                                                                                                                                                                                                                                                                                                                                                                                                                                                                                                                                                                                                                           
PT511010400,,"ASSOCIACAO DE SOCORROS MUTUOS QUATRO DE SETEMBRO DE MIL OITOCENTOS E SESSENTA E DOIS","Rua João Tavira 59, 1º, 9000-, FUNCHAL",vida,                                                                                                                                                                                                                                                                                                                                                                                                                                                                                                                                                                                                                                                                                                                                                                                                                                                                                      
PT501398430,,"ASSOCIACAO FUNEBRE DE SOCORROS MUTUOS DE SANTA MARINHA DE GAIA","Rua Cândido Reis 32, 1º, 4400-, VILA NOVA DE GAIA",vida,                                                                                                                                                                                                                                                                                                                                                                                                                                                                                                                                                                                                                                                                                                                                                                                                                                                                                                 
PT507892364,,"ASSOCIACAO MUTUA DE SEGURO DE GADO - MUTUA DE BASTO","GESTAÇÔ, 4640-, GESTAÇÔ",vida,                                                                                                                                                                                                                                                                                                                                                                                                                                                                                                                                                                                                                                                                                                                                                                                                                                                                                                                                      
PT502362090,,"ASSOCIACAO MUTUA DOS ARMADORES DE PESCA DE ANGEIRAS - MAPA","Avenida Praia Angeiras 449, 4455-, LAVRA",vida,                                                                                                                                                                                                                                                                                                                                                                                                                                                                                                                                                                                                                                                                                                                                                                                                                                                                                                              
PT503864234,,"ASSOCIACAO MUTUALISTA ADUANEIRA","Edifício da Alfândega - Rua Terreiro do Trigo, 1149-, LISBOA",vida,                                                                                                                                                                                                                                                                                                                                                                                                                                                                                                                                                                                                                                                                                                                                                                                                                                                                                                                     
PT980149959,,"ATRADIUS CRÉDITO Y CAUCIÓN, S.A. DE SEGUROS Y REASEGUROS - SUCURSAL EM PORTUGAL","Av. Columbano Bordalo Pinheiro, n.º 75 - 7.º, Frações 7.01 a 7.03 - Edifício Pórtico, 1070-, Lisboa",no-vida,ESA28008795                                                                                                                                                                                                                                                                                                                                                                                                                                                                                                                                                                                                                                                                                                                                                                                                                
PT980359546,,"AWP P&C, SA - SUCURSAL EM PORTUGAL","Avenida do Brasil, nº 56, 3º, 1700-, LISBOA",no-vida,FR519490080                                                                                                                                                                                                                                                                                                                                                                                                                                                                                                                                                                                                                                                                                                                                                                                                                                                                                                                     
PT980628121,,"AXA FRANCE IARD - SUCURSAL EM PORTUGAL","Avenida da Liberdade, nº 38, 7º andar, 1269-, LISBOA",no-vida,FR722057460                                                                                                                                                                                                                                                                                                                                                                                                                                                                                                                                                                                                                                                                                                                                                                                                                                                                                                        
PT980628156,,"AXA FRANCE VIE - SUCURSAL EM PORTUGAL","Avenida da Liberdade, nº38, 7º, 1269-, LISBOA",vida,FR310499959                                                                                                                                                                                                                                                                                                                                                                                                                                                                                                                                                                                                                                                                                                                                                                                                                                                                                                                   
PT513851020,254900KSFPKUVOA0PT05,"AZUAGA - COMPANHIA DE SEGUROS, S.A.","Atrium Saldanha, Praça Duque de Saldanha, nº 1, 8º F a), 1050-, LISBOA",no-vida,                                                                                                                                                                                                                                                                                                                                                                                                                                                                                                                                                                                                                                                                                                                                                                                                                                                                                
PT980545587,213800OM16JD5QRNWZ78,"BANKINTER SEGUROS DE VIDA, S.A. DE SEGUROS Y REASEGUROS - SUCURSAL EM PORTUGAL","Centro Comercial Colombo, Torre Oriente - Avenida Colégio Militar, 37F, 1500-, LISBOA",compuestos,ESA78510138                                                                                                                                                                                                                                                                                                                                                                                                                                                                                                                                                                                                                                                                                                                                                                                                        
PT980255732,,"BBVASEGUROS, S.A. DE SEGUROS Y REASEGUROS","Avenida da Liberdade, 222, 1250-, LISBOA",compuestos,ESA48051098                                                                                                                                                                                                                                                                                                                                                                                                                                                                                                                                                                                                                                                                                                                                                                                                                                                                                                              
PT502623543,213800HV6TP2I5A6MW58,"BPI VIDA E PENSÕES - COMPANHIA DE SEGUROS, S.A.","Avenida Praia da Vitória, nº 71, 3º, 1050-, LISBOA",vida,                                                                                                                                                                                                                                                                                                                                                                                                                                                                                                                                                                                                                                                                                                                                                                                                                                                                                           
PT500884781,,"CAIXA AUXILIAR DOS ESTIVADORES DO PORTO DE LISBOA E CENTRO DE PORTUGAL (ASSOCIACAO DE SOCORROS MUTUOS)","Rua do Alecrim,25,1º, 1200-, LISBOA",vida,                                                                                                                                                                                                                                                                                                                                                                                                                                                                                                                                                                                                                                                                                                                                                                                                                                                                       
PT506146197,,"CAIXA DE PREVIDÊNCIA DO MINISTÉRIO DA EDUCAÇÃO","Praça D. Pedro iV, 45 -3º, 1149-, Lisboa",vida,                                                                                                                                                                                                                                                                                                                                                                                                                                                                                                                                                                                                                                                                                                                                                                                                                                                                                                                          
PT980000599,,"CAIXA DE PREVIDENCIA DO PESSOAL DO CAMINHO DE FERRO DE BENGUELA","Rua Ataíde 7-B, 1249-, LISBOA",vida,                                                                                                                                                                                                                                                                                                                                                                                                                                                                                                                                                                                                                                                                                                                                                                                                                                                                                                                    
PT503640549,635400TDFKL4ZSPVXC31,"CARAVELA - COMPANHIA DE SEGUROS, S.A.","Avenida Casal Ribeiro, nº 14, 1000-, Lisboa",no-vida,                                                                                                                                                                                                                                                                                                                                                                                                                                                                                                                                                                                                                                                                                                                                                                                                                                                                                                         
PT980147913,,"CARDIF ASSURANCE VIE - SUCURSAL EM PORTUGAL","Torre Ocidente, Rua Galileu Galilei, n.º 2 – 10º piso, 1500-, LISBOA",vida,FR732028154                                                                                                                                                                                                                                                                                                                                                                                                                                                                                                                                                                                                                                                                                                                                                                                                                                                                                      
PT980148243,,"CARDIF ASSURANCES RISQUES DIVERS","Torre Ocidente, Rua Galileu Galilei, n.º 2 – 10.º piso, 1500-, LISBOA",no-vida,FR308896547                                                                                                                                                                                                                                                                                                                                                                                                                                                                                                                                                                                                                                                                                                                                                                                                                                                                                             
PT501644563,,"CASA DO PESSOAL DA CAIXA DE PREVIDENCIA DO PESSOAL DA MARINHA MERCANTE NACIONAL","Av. Afonso Costa,16, 1900-, LISBOA",vida,                                                                                                                                                                                                                                                                                                                                                                                                                                                                                                                                                                                                                                                                                                                                                                                                                                                                                               
PT501607129,,"CASA DO PESSOAL DA CAIXA SINDICAL DE PREVIDENCIA DO PESSOAL DA INDUSTRIA DE CONSERVAS DE PEIXE","Rua Rosa Araújo 43, 1250-, LISBOA",vida,                                                                                                                                                                                                                                                                                                                                                                                                                                                                                                                                                                                                                                                                                                                                                                                                                                                                                 
PT980350964,,"Chubb European Group SE - Sucursal em Portugal","Av. da Liberdade, 249 - 3º, 1250-, LISBOA",no-vida,FR450327374                                                                                                                                                                                                                                                                                                                                                                                                                                                                                                                                                                                                                                                                                                                                                                                                                                                                                                           
PT980422361,,"CHUBB LIFE EUROPE SE - SUCURSAL EM PORTUGAL","Av. da Liberdade, 249 - 3º, 1250-, LISBOA",compuestos,FR497825539                                                                                                                                                                                                                                                                                                                                                                                                                                                                                                                                                                                                                                                                                                                                                                                                                                                                                                           
PT500969442,,"COFRE DE PREVIDÊNCIA DOS FUNCIONÁRIOS E AGENTES DO ESTADO","Rua do Arsenal, Letra F, 1100-, Lisboa",vida,                                                                                                                                                                                                                                                                                                                                                                                                                                                                                                                                                                                                                                                                                                                                                                                                                                                                                                                 
PT980204208,,"COMPAGNIE FRAN?AISE D'ASSURANCES POUR LE COMMERCE EXTERIEUR, SUCURSAL EM PORTUGAL","Avenida José Malhoa, nº 16 B, 7º piso, Edifício Europa, 1070-, LISBOA",no-vida,FR552069791                                                                                                                                                                                                                                                                                                                                                                                                                                                                                                                                                                                                                                                                                                                                                                                                                                            
PT500069514,529900LP62SEK9MXDB79,"COMPANHIA DE SEGUROS ALLIANZ PORTUGAL, S.A.","R ANDRADE CORVO 32, 1069-, LISBOA",no-vida,                                                                                                                                                                                                                                                                                                                                                                                                                                                                                                                                                                                                                                                                                                                                                                                                                                                                                                             
PT980265843,,"COMPANIA ESPANOLA DE SEGUROS DE CREDITO A LA EXPORTATION, S.A. COMPANIA DE SEGUROS Y REASEGUROS (CESCE)","Av. Duque D'Ávila, 46 - 1º A, 1050-, LISBOA",no-vida,ESA28264034                                                                                                                                                                                                                                                                                                                                                                                                                                                                                                                                                                                                                                                                                                                                                                                                                                                
PT980060990,,"CONSOLIDATED LIFE ASSURANCE COMPANY LIMITED","AV MIGUEL BOMBARDA 36-12A-EDF PRESIDENTE, 1000-, LISBOA",vida,                                                                                                                                                                                                                                                                                                                                                                                                                                                                                                                                                                                                                                                                                                                                                                                                                                                                                                              
PT503384089,213800Q5LKKBCMP6M605,"CREDITO AGRICOLA SEGUROS - COMPANHIA DE SEGUROS DE RAMOS REAIS, S.A.","Rua de Campolide, nº 372 - 3º Dto. (Edifício Bloom), 1070-, LISBOA",no-vida,                                                                                                                                                                                                                                                                                                                                                                                                                                                                                                                                                                                                                                                                                                                                                                                                                                                   
PT504405489,2138001N7EHU4AA68408,"CREDITO AGRICOLA VIDA - COMPANHIA DE SEGUROS, S.A.","Rua Castilho, 233 - 7º, 1099-, LISBOA",vida,                                                                                                                                                                                                                                                                                                                                                                                                                                                                                                                                                                                                                                                                                                                                                                                                                                                                                                     
PT980120985,984500B5BQ4A91FC8A56,"ESPANA, S.A. - COMPANIA NACIONAL DE SEGUROS","R GARRETT 47, 1200-, LISBOA",vida,ESA28008647                                                                                                                                                                                                                                                                                                                                                                                                                                                                                                                                                                                                                                                                                                                                                                                                                                                                                                           
PT980667976,,"EUROP ASSISTANCE S.A. - SUCURSAL EM PORTUGAL","Avenida Columbano Bordalo Pinheiro, 75 - 10º, 1070-, Lisboa",no-vida,FR451366405                                                                                                                                                                                                                                                                                                                                                                                                                                                                                                                                                                                                                                                                                                                                                                                                                                                                                           
PT500918880,529900FNLE8ZOPUOT704,"FIDELIDADE - COMPANHIA DE SEGUROS, S.A.","Largo do Calhariz, nº 30, 1200-, LISBOA",compuestos,                                                                                                                                                                                                                                                                                                                                                                                                                                                                                                                                                                                                                                                                                                                                                                                                                                                                                                        
PT503411515,959800J9FJW7L435TD92,"FIDELIDADE ASSISTENCIA - COMPANHIA DE SEGUROS, S.A.","Rua Alexandre Herculano, nº 53, 1250-, Lisboa",no-vida,                                                                                                                                                                                                                                                                                                                                                                                                                                                                                                                                                                                                                                                                                                                                                                                                                                                                                         
PT500926980,9598005TTT45GTVTB854,"FIDELIDADE RE - COMPANHIA DE RESSEGUROS, S.A.","Largo do Calhariz, nº 30, 1200-, Lisboa",no-vida,                                                                                                                                                                                                                                                                                                                                                                                                                                                                                                                                                                                                                                                                                                                                                                                                                                                                                                     
PT503024856,ZPY6PFFBB5FO7I8ZJF15,"GAMALIFE - COMPANHIA DE SEGUROS DE VIDA, S.A.","Av. Columbano Bordalo Pinheiro, nº75, 11º, 1070-, LISBOA",vida,                                                                                                                                                                                                                                                                                                                                                                                                                                                                                                                                                                                                                                                                                                                                                                                                                                                                                       
PT500940231,549300CGCHTYQ1Z4V333,"GENERALI SEGUROS, S.A.","Avenida da Liberdade, 242, 1250-, LISBOA",no-vida,                                                                                                                                                                                                                                                                                                                                                                                                                                                                                                                                                                                                                                                                                                                                                                                                                                                                                                                           
PT980595185,,"HISCOX SA - SUCURSAL EM PORTUGAL","Atrium Saldanha, Praça Duque de Saldanha, nº 1, 5º, 1050-, LISBOA",no-vida,LURCSB0217018                                                                                                                                                                                                                                                                                                                                                                                                                                                                                                                                                                                                                                                                                                                                                                                                                                                                                               
PT980055563,,"INTER PARTNER ASSISTANCE, S.A.","Largo Jean Monnet, 1 - 2º, 1269-, LISBOA",no-vida,BE0415591055                                                                                                                                                                                                                                                                                                                                                                                                                                                                                                                                                                                                                                                                                                                                                                                                                                                                                                                           
PT501689168,549300MEBQE4N0MDA750,"LUSITÂNIA - COMPANHIA DE SEGUROS S.A.","Avenida 5 de Outubro, nº 206, 1050-, LISBOA",no-vida,                                                                                                                                                                                                                                                                                                                                                                                                                                                                                                                                                                                                                                                                                                                                                                                                                                                                                                         
PT501845208,5493007FTHZ35PJY7E77,"LUSITANIA VIDA, COMPANHIA DE SEGUROS, S.A.","Avenida 5 de Outubro, nº 206, 1050-, LISBOA",vida,                                                                                                                                                                                                                                                                                                                                                                                                                                                                                                                                                                                                                                                                                                                                                                                                                                                                                                       
PT980073243,,"MAPFRE ASISTENCIA, COMPANIA INTERNACIONAL DE SEGUROS Y REASEGUROS, S.A.","Av. José Malhoa, 16, pisos 3º A e 7º A, 1070-, Lisboa",no-vida,ESA79194148                                                                                                                                                                                                                                                                                                                                                                                                                                                                                                                                                                                                                                                                                                                                                                                                                                                                      
PT507592034,213800DS888O1NMGEJ90,"MAPFRE SANTANDER PORTUGAL - COMPANHIA DE SEGUROS, S.A.","Avenida José Malhoa, 13, 8º, 1070-, LISBOA",no-vida,                                                                                                                                                                                                                                                                                                                                                                                                                                                                                                                                                                                                                                                                                                                                                                                                                                                                                         
PT509056253,959800ZBX0C63KKSXC34,"MAPFRE SEGUROS DE VIDA, S.A.","Avenida José Malhoa, nº 13, 8º Lisboa, 1070-, Lisboa",vida,                                                                                                                                                                                                                                                                                                                                                                                                                                                                                                                                                                                                                                                                                                                                                                                                                                                                                                            
PT502245816,959800BDJT8AG0NNE622,"MAPFRE SEGUROS GERAIS S.A.","AVENIDA JOSÉ MALHOA, Nº 13, 8º, 1070-, LISBOA",no-vida,                                                                                                                                                                                                                                                                                                                                                                                                                                                                                                                                                                                                                                                                                                                                                                                                                                                                                                                  
PT501210091,,"MEALHEIRO POSTAL - ASSOCIAÇÃO MUTUALISTA","Rua Formosa, 156, 1º, 4000-, PORTO",compuestos,                                                                                                                                                                                                                                                                                                                                                                                                                                                                                                                                                                                                                                                                                                                                                                                                                                                                                                                                
PT503496944,549300HG4G2Y1VV1MW24,"MEDIS - COMPANHIA PORTUGUESA DE SEGUROS DE SAUDE, S.A.","Avenida Dr. Mário Soares (Tagus Park), Edifício 10, piso 1, 2744-, Porto Salvo",no-vida,                                                                                                                                                                                                                                                                                                                                                                                                                                                                                                                                                                                                                                                                                                                                                                                                                                                     
PT980479436,,"METLIFE EUROPE D.A.C. - SUCURSAL EM PORTUGAL","Avenida da Liberdade, 36-4º, 1269-, LISBOA",compuestos,IEC42062                                                                                                                                                                                                                                                                                                                                                                                                                                                                                                                                                                                                                                                                                                                                                                                                                                                                                                            
PT980479428,,"METLIFE EUROPE INSURANCE D.A.C. - SUCURSAL EM PORTUGAL","Avenida da Liberdade, 36 - 4º, 1269-, LISBOA",no-vida,IEC89732                                                                                                                                                                                                                                                                                                                                                                                                                                                                                                                                                                                                                                                                                                                                                                                                                                                                                                   
PT517503131,894500XSZWKXTZ2QOB81,"MGEN PORTUGAL - COMPANHIA DE SEGUROS, S.A.","Rua Duque de Palmela, nº11, Piso 1, 1250-, Lisboa",no-vida,                                                                                                                                                                                                                                                                                                                                                                                                                                                                                                                                                                                                                                                                                                                                                                                                                                                                                              
PT501733809,549300D2SW648HWGN573,"MONAF-MONTEPIO NACIONAL DA FARMACIA, ASSOCIACAO DE SOCORROS MUTUOS","Rua Marechal Saldanha,1, 1249-, LISBOA",vida,                                                                                                                                                                                                                                                                                                                                                                                                                                                                                                                                                                                                                                                                                                                                                                                                                                                                                    
PT500734356,,"MONTEPIO COMERCIAL E INDUSTRIAL - ASSOCIACAO DE SOCORROS MUTUOS","Rua Augusta nº 220, 2º Dto, 1100-, LISBOA",vida,                                                                                                                                                                                                                                                                                                                                                                                                                                                                                                                                                                                                                                                                                                                                                                                                                                                                                                        
PT500766681,213800SK4KN8HTCNPB38,"MONTEPIO GERAL-ASSOCIACAO MUTUALISTA","R AUREA 219/241, 1100-, LISBOA",compuestos,                                                                                                                                                                                                                                                                                                                                                                                                                                                                                                                                                                                                                                                                                                                                                                                                                                                                                                                    
PT518190102,984500C7765D6E9AAA43,"MPS - MÚTUA PORTUGUESA DE SAÚDE - MÚTUA DE SEGUROS, COOPERATIVA DE RESPONSABILIDADE LIMITADA","Edifício Amoreiras Square - Rua Joshua Benoliel, 1, 5º D, 1250-, Lisboa",no-vida,                                                                                                                                                                                                                                                                                                                                                                                                                                                                                                                                                                                                                                                                                                                                                                                                                      
PT503718092,549300HM15U8TGYXFP61,"MUDUM - COMPANHIA DE SEGUROS, S.A.","Avenida Miguel Bombarda, nº 4, 9º andar, 1050-, LISBOA",no-vida,                                                                                                                                                                                                                                                                                                                                                                                                                                                                                                                                                                                                                                                                                                                                                                                                                                                                                                 
PT507516362,95980038LJ194K38XP93,"MULTICARE - SEGUROS DE SAUDE, S.A.","Rua Alexandre Herculano, 53, 1269-, LISBOA",no-vida,                                                                                                                                                                                                                                                                                                                                                                                                                                                                                                                                                                                                                                                                                                                                                                                                                                                                                                             
PT500726477,635400F22HJ6MH2CQB60,"MUTUA DOS PESCADORES, MUTUA DE SEGUROS, C.R.L.","Avenida Santos Dumont, nº 57, 6º,7º,8º, 1050-, LISBOA",no-vida,                                                                                                                                                                                                                                                                                                                                                                                                                                                                                                                                                                                                                                                                                                                                                                                                                                                                                      
PT500746079,,"MUTUALIDADE POPULAR ASSOCIACAO MUTUALISTA","Largo Terreiro Bispo 1, 1º, 8000-, FARO",vida,                                                                                                                                                                                                                                                                                                                                                                                                                                                                                                                                                                                                                                                                                                                                                                                                                                                                                                                                
PT500844798,,"O LEGADO DO OPERARIO DE EVORA ASSOCIACAO MUTUALISTA","Rua João Deus 25/7, 7000-, ÉVORA",vida,                                                                                                                                                                                                                                                                                                                                                                                                                                                                                                                                                                                                                                                                                                                                                                                                                                                                                                                             
PT501836926,5493003NN4LXUF8JA244,"OCIDENTAL - COMPANHIA PORTUGUESA DE SEGUROS DE VIDA, S.A.","Avenida Doutor Mário Soares (Tagus Park), Edifício 10, piso, 2744-, PORTO SALVO",vida,                                                                                                                                                                                                                                                                                                                                                                                                                                                                                                                                                                                                                                                                                                                                                                                                                                                    
PT515580996,5493002144610QPZ5113,"PLANICARE-COMPANHIA DE SEGUROS, S.A.","Rua Fernão de Magalhães, nº 2, fração C, 4400-, Vila Nova de Gaia",no-vida,                                                                                                                                                                                                                                                                                                                                                                                                                                                                                                                                                                                                                                                                                                                                                                                                                                                                                    
PT500745617,,"PREVIDENCIA FAMILIAR DO PORTO (ASSOCIAÇÃO DE SOCORROS MUTUOS)","RUA COELHO NETO, Nº 75, 4000-, PORTO",vida,                                                                                                                                                                                                                                                                                                                                                                                                                                                                                                                                                                                                                                                                                                                                                                                                                                                                                                               
PT980132657,,"PREVOIR - VIE GROUPE PREVOIR S.A - (SUCURSAL)","Rua Júlio Dinis, 826 - 2º, 4050-, PORTO",vida,FR343286183                                                                                                                                                                                                                                                                                                                                                                                                                                                                                                                                                                                                                                                                                                                                                                                                                                                                                                                 
PT501376364,,"QUALACOOP-MUTUA DE SEGURO PECUARIO DE POMBALINHO E DEGRACIAS CRI","Quatro Lagoas, Uniao de Freguesias Degracias Pombalinho, 3130-, COIMBRA",vida,                                                                                                                                                                                                                                                                                                                                                                                                                                                                                                                                                                                                                                                                                                                                                                                                                                                                         
PT502245140,213800EHAAXIN35KSA13,"REAL VIDA SEGUROS, S.A.","AVENIDA DE FRANÇA, Nº 316 - 2º, 4050-, Porto",vida,                                                                                                                                                                                                                                                                                                                                                                                                                                                                                                                                                                                                                                                                                                                                                                                                                                                                                                                         
PT513259120,635400UJIWIW2C7KJW53,"RNA SEGUROS DE ASSISTENCIA, S.A.","Av. Engenheiro Duarte Pacheco, Amoreiras, Torre 1, Piso 12, Sala 1, 1070-, LISBOA",no-vida,                                                                                                                                                                                                                                                                                                                                                                                                                                                                                                                                                                                                                                                                                                                                                                                                                                                                        
PT980856698,,"SANITAS S.A. DE SEGUROS - SUCURSAL EM PORTUGAL","Praça Marquês de Pombal, nº 14, 1250-, Lisboa",no-vida,                                                                                                                                                                                                                                                                                                                                                                                                                                                                                                                                                                                                                                                                                                                                                                                                                                                                                                                  
PT505297213,54930006K2IUPA083C07,"SANTANDER TOTTA SEGUROS - COMPANHIA DE SEGUROS DE VIDA, S.A.","Rua da Mesquita, nº 6 - Torre A, 2º, 1070-, LISBOA",vida,                                                                                                                                                                                                                                                                                                                                                                                                                                                                                                                                                                                                                                                                                                                                                                                                                                                                              
PT980847109,984500F2A78CS3B4O995,"SOCIÉTÉ SUISSE D'ASSURANCE CONTRE LA GRÊLE - SUCURSAL EM PORTUGAL","Alameda das Linhas de Torres, nº 152, rés-do-chão, escritório 2, 1750-, Lisboa",no-vida,                                                                                                                                                                                                                                                                                                                                                                                                                                                                                                                                                                                                                                                                                                                                                                                                                                          
PT502661313,2138008HW53HAI72GE84,"Una Seguros de Vida, S.A.","Avenida de Berna, 24D, 1069-, LISBOA",vida,                                                                                                                                                                                                                                                                                                                                                                                                                                                                                                                                                                                                                                                                                                                                                                                                                                                                                                                               
PT502661321,213800OLL4KQEEWY8715,"Una Seguros, S.A.","Avenida de Berna, 24D, 1069-, LISBOA",no-vida,                                                                                                                                                                                                                                                                                                                                                                                                                                                                                                                                                                                                                                                                                                                                                                                                                                                                                                                                    
PT504011944,959800XGKSDYTU6HVV17,"VIA DIRECTA - COMPANHIA DE SEGUROS, S.A.","Rua Alexandre Herculano, nº 53, 1250-, LISBOA",no-vida,                                                                                                                                                                                                                                                                                                                                                                                                                                                                                                                                                                                                                                                                                                                                                                                                                                                                                                    
PT502821060,254900R616ALFI92DN52,"VICTORIA - SEGUROS DE VIDA, S.A.","Avenida da Liberdade, 198 e 200, 1250-, Lisboa",vida,                                                                                                                                                                                                                                                                                                                                                                                                                                                                                                                                                                                                                                                                                                                                                                                                                                                                                                              
PT506333027,254900VLOYBA8XKIBL42,"VICTORIA - SEGUROS, S.A.","Avenida da Liberdade, 198/200, 1250-, LISBOA",no-vida,                                                                                                                                                                                                                                                                                                                                                                                                                                                                                                                                                                                                                                                                                                                                                                                                                                                                                                                     
PT503583456,959800BXR939GEC9Y438,"ZURICH - COMPANHIA DE SEGUROS VIDA, S.A.","Rua Barata Salgueiro, 41, 1269-, LISBOA",vida,                                                                                                                                                                                                                                                                                                                                                                                                                                                                                                                                                                                                                                                                                                                                                                                                                                                                                                             
PT980420636,,"ZURICH INSURANCE EUROPE AG , SUCURSAL EM PORTUGAL","Rua Barata Salgueiro, nº 41, 1269-, LISBOA",no-vida,                                                                                                                                                                                                                                                                                                                                                                                                                                                                                                                                                                                                                                                                                                                                                                                                                                                                                                                  
